step,time,phase,dt,translation_step_um,t1_base_x,t1_ctrl_x,t1_lag_x,t1_base_trans_delta_m,t1_base_rot_delta_rad,t1_strain_err_max,t1_strain_err_mean,t1_kappa_mean_curved_1pm,t1_kappa_rest_mean_curved_1pm,t1_kappa_rel_error,t1_frame_delta_max_m,t1_frame_delta_mean_m,t2_base_x,t2_ctrl_x,t2_lag_x,t2_advance_m,estimated_protrusion_m,t2_strain_err_max_all,t2_strain_err_mean_all,t2_strain_err_max_protruded,t2_strain_err_mean_protruded,t2_kappa_mean_protruded_curved_1pm,t2_kappa_rest_mean_protruded_curved_1pm,t2_kappa_rel_err_exposed_curved,t2_tip_x,t2_tip_y,t2_tip_z,contact_pairs,active_like_pairs,min_gap,max_gap,mean_gap,gap_sign,activation_tolerance,active_impulse_pairs,normal_impulse_sum,normal_impulse_max,normal_force_sum_N,normal_force_max_N
20,0.1,initializing,0.005,1000,-3.21268567e-09,0,3.21268567e-09,3.21280125e-09,0,0.241436066,0.159702104,8.44461441,8.33333333,1.33537287,0.00199400054,0.000549948544,-0.159999997,-0.16,-3.21253951e-09,3.21253951e-09,6.42522519e-09,33.59798,11.9482119,0,0,0,0,0,0.169022364,0.00653694268,-0,31,17,-2.50202516e-06,0.000501847756,0.000115081423,-1,0.0001,17,0.0160015294,0.00443334659,3.20030587,0.886669317
40,0.2,initializing,0.005,1000,-5.83598138e-09,0,5.83598138e-09,5.83618272e-09,0,0.334963653,0.22901586,8.49640319,8.33333333,1.95683823,0.00287845127,0.000802064661,-0.159999994,-0.16,-5.83591395e-09,5.83591395e-09,1.16718953e-08,33.2490403,11.7866905,0,0,0,0,0,0.168875012,0.00739261988,-0,31,26,-5.302284e-07,0.000422872833,6.629913e-05,-1,0.0001,25,0.0168373578,0.0044454383,3.36747156,0.889087661
60,0.3,initializing,0.005,1000,-6.9912042e-09,0,6.9912042e-09,6.99147326e-09,0,0.365055579,0.250975843,8.51585597,8.33333333,2.19027161,0.00313855595,0.000871032432,-0.159999993,-0.16,-6.99117467e-09,6.99117467e-09,1.39823789e-08,33.1033997,11.7442686,0,0,0,0,0,0.168829072,0.00764570186,-0,31,28,-3.43626754e-07,0.000407087688,4.82942176e-05,-1,0.0001,28,0.01685282,0.00474213792,3.37056399,0.948427584
80,0.4,initializing,0.005,1000,-7.55212203e-09,0,7.55212203e-09,7.55242644e-09,0,0.375868445,0.257814146,8.52284703,8.33333333,2.27416434,0.00321342572,0.000889225026,-0.159999992,-0.16,-7.55210966e-09,7.55210966e-09,1.51042317e-08,33.0532088,11.7328238,0,0,0,0,0,0.168816322,0.00771831797,-0,31,28,-3.13964579e-07,0.000401047468,4.34650619e-05,-1,0.0001,28,0.0168695491,0.00474990967,3.37390981,0.949981934
100,0.5,initializing,0.005,1000,-7.66778631e-09,0,7.66778631e-09,7.66810388e-09,0,0.380030131,0.25993086,8.52523795,8.33333333,2.30285535,0.00323389424,0.000893300711,-0.159999992,-0.16,-7.6677813e-09,7.6677813e-09,1.53355676e-08,33.0359475,11.7291905,0,0,0,0,0,0.168812282,0.00773789421,-0,31,28,-3.92546233e-07,0.000398871456,4.1768747e-05,-1,0.0001,28,0.0169337508,0.00473564459,3.38675016,0.947128919
120,0.6,initializing,0.005,1000,-7.82822403e-09,0,7.82822403e-09,7.82854886e-09,0,0.381288176,0.26053998,8.5259833,8.33333333,2.31179966,0.00323937522,0.000894278385,-0.159999992,-0.16,-7.82822196e-09,7.82822196e-09,1.5656446e-08,33.0306855,11.728623,0,0,0,0,0,0.168811275,0.00774364289,-0,31,28,-2.71810185e-07,0.000397992322,4.14186654e-05,-1,0.0001,28,0.0168124355,0.00478989049,3.36248709,0.957978098
140,0.7,initializing,0.005,1000,-8.34659108e-09,0,8.34659108e-09,8.34692595e-09,0,0.381030044,0.260483272,8.52595259,8.33333333,2.3114311,0.0032394409,0.000894660006,-0.159999992,-0.16,-8.34659017e-09,8.34659017e-09,1.66931812e-08,33.0317685,11.7298172,0,0,0,0,0,0.168811929,0.00774420312,-0,31,28,-2.64064961e-07,0.000397451747,4.1822288e-05,-1,0.0001,28,0.0167208432,0.00482340201,3.34416863,0.964680401
160,0.8,initializing,0.005,1000,-8.60725325e-09,0,8.60725325e-09,8.60759272e-09,0,0.380823103,0.260416789,8.52589738,8.33333333,2.31076856,0.00323906547,0.000894754332,-0.159999991,-0.16,-8.60725294e-09,8.60725294e-09,1.72145062e-08,33.0331698,11.7304702,0,0,0,0,0,0.168812316,0.0077439414,-0,31,28,-2.58238409e-07,0.000397233634,4.20010571e-05,-1,0.0001,28,0.0167154759,0.00482492031,3.34309518,0.964984061
180,0.9,initializing,0.005,1000,-8.71823454e-09,0,8.71823454e-09,8.71857582e-09,0,0.380734074,0.260390429,8.52587361,8.33333333,2.31048329,0.00323895416,0.00089481511,-0.159999991,-0.16,-8.71823438e-09,8.71823438e-09,1.74364689e-08,33.0337233,11.7307543,0,0,0,0,0,0.168812473,0.00774387654,-0,31,28,-2.55814454e-07,0.000397149599,4.20712401e-05,-1,0.0001,28,0.0167135047,0.0048254407,3.34270094,0.965088139
200,1,initializing,0.005,1000,-8.76487831e-09,0,8.76487831e-09,8.76522032e-09,0,0.380696974,0.260380322,8.52586391,8.33333333,2.31036695,0.00323892752,0.000894848669,-0.159999991,-0.16,-8.76487827e-09,8.76487827e-09,1.75297566e-08,33.0339386,11.7308717,0,0,0,0,0,0.168812536,0.00774386848,-0,31,28,-2.54657275e-07,0.000397117125,4.2098581e-05,-1,0.0001,28,0.0167128871,0.00482556698,3.34257742,0.965113397
220,1.1,initializing,0.005,1000,-8.78405612e-09,0,8.78405612e-09,8.78439842e-09,0,0.380682197,0.260376648,8.52586026,8.33333333,2.31032308,0.00323892463,0.000894865355,-0.159999991,-0.16,-8.78405612e-09,8.78405612e-09,1.75681122e-08,33.0340194,11.7309181,0,0,0,0,0,0.16881256,0.00774387279,-0,31,28,-2.54151503e-07,0.000397104668,4.21088838e-05,-1,0.0001,28,0.0167126869,0.00482559807,3.34253738,0.965119613
240,1.2,initializing,0.005,1000,-8.79193573e-09,0,8.79193573e-09,8.79227814e-09,0,0.380676321,0.260375307,8.52585889,8.33333333,2.31030668,0.00323892619,0.000894873183,-0.159999991,-0.16,-8.79193571e-09,8.79193571e-09,1.75838714e-08,33.0340499,11.7309362,0,0,0,0,0,0.16881257,0.00774387715,-0,31,28,-2.53958636e-07,0.000397099867,4.21127993e-05,-1,0.0001,28,0.0167126051,0.00482561015,3.34252102,0.96512203
260,1.3,initializing,0.005,1000,-8.79517878e-09,0,8.79517878e-09,8.79552123e-09,0,0.380673972,0.260374807,8.52585838,8.33333333,2.31030051,0.00323892768,0.000894876703,-0.159999991,-0.16,-8.79517875e-09,8.79517875e-09,1.75903575e-08,33.0340616,11.7309433,0,0,0,0,0,0.168812573,0.00774387972,-0,31,28,-2.5388491e-07,0.000397098007,4.21143013e-05,-1,0.0001,28,0.0167125715,0.00482561488,3.3425143,0.965122977
280,1.4,initializing,0.005,1000,-8.796516e-09,0,8.796516e-09,8.79685848e-09,0,0.380673028,0.260374617,8.52585818,8.33333333,2.31029818,0.00323892855,0.000894878245,-0.159999991,-0.16,-8.79651602e-09,8.79651602e-09,1.7593032e-08,33.034066,11.730946,0,0,0,0,0,0.168812575,0.00774388101,-0,31,28,-2.53856618e-07,0.000397097283,4.21148825e-05,-1,0.0001,28,0.0167125576,0.00482561674,3.34251152,0.965123348
300,1.5,initializing,0.005,1000,-8.79706841e-09,0,8.79706841e-09,8.79741089e-09,0,0.380672647,0.260374543,8.52585811,8.33333333,2.3102973,0.00323892898,0.000894878909,-0.159999991,-0.16,-8.79706843e-09,8.79706843e-09,1.75941368e-08,33.0340678,11.7309471,0,0,0,0,0,0.168812575,0.00774388162,-0,31,28,-2.53845663e-07,0.000397097001,4.21151093e-05,-1,0.0001,28,0.0167125519,0.00482561747,3.34251038,0.965123495
320,1.6,initializing,0.005,1000,-8.79729703e-09,0,8.79729703e-09,8.79763951e-09,0,0.380672492,0.260374515,8.52585808,8.33333333,2.31029696,0.00323892919,0.000894879193,-0.159999991,-0.16,-8.79729703e-09,8.79729703e-09,1.75945941e-08,33.0340685,11.7309475,0,0,0,0,0,0.168812576,0.00774388189,-0,31,28,-2.53841485e-07,0.000397096889,4.21151985e-05,-1,0.0001,28,0.0167125495,0.00482561776,3.3425099,0.965123553
340,1.7,initializing,0.005,1000,-8.79739179e-09,0,8.79739179e-09,8.79773428e-09,0,0.380672429,0.260374503,8.52585807,8.33333333,2.31029684,0.00323892928,0.000894879313,-0.159999991,-0.16,-8.79739173e-09,8.79739173e-09,1.75947835e-08,33.0340687,11.7309476,0,0,0,0,0,0.168812576,0.007743882,-0,31,28,-2.53839821e-07,0.000397096846,4.21152338e-05,-1,0.0001,28,0.0167125485,0.00482561788,3.3425097,0.965123576
360,1.8,initializing,0.005,1000,-8.79743113e-09,0,8.79743113e-09,8.79777361e-09,0,0.380672404,0.260374498,8.52585807,8.33333333,2.31029679,0.00323892932,0.000894879364,-0.159999991,-0.16,-8.79743109e-09,8.79743109e-09,1.75948622e-08,33.0340688,11.7309477,0,0,0,0,0,0.168812576,0.00774388206,-0,31,28,-2.5383918e-07,0.000397096828,4.21152479e-05,-1,0.0001,28,0.0167125481,0.00482561792,3.34250962,0.965123585
380,1.9,initializing,0.005,1000,-8.79744747e-09,0,8.79744747e-09,8.79778996e-09,0,0.380672393,0.260374496,8.52585806,8.33333333,2.31029677,0.00323892934,0.000894879386,-0.159999991,-0.16,-8.79744744e-09,8.79744744e-09,1.75948949e-08,33.0340689,11.7309477,0,0,0,0,0,0.168812576,0.00774388208,-0,31,28,-2.53838918e-07,0.000397096821,4.21152535e-05,-1,0.0001,28,0.0167125479,0.00482561794,3.34250959,0.965123588
400,2,initializing,0.005,1000,-8.79745427e-09,0,8.79745427e-09,8.79779676e-09,0,0.380672389,0.260374496,8.52585806,8.33333333,2.31029676,0.00323892935,0.000894879395,-0.159999991,-0.16,-8.79745432e-09,8.79745432e-09,1.75949086e-08,33.0340689,11.7309477,0,0,0,0,0,0.168812576,0.00774388209,-0,31,28,-2.53838814e-07,0.000397096819,4.21152558e-05,-1,0.0001,28,0.0167125479,0.00482561795,3.34250958,0.96512359
420,2.1,initializing,0.005,1000,-8.7974571e-09,0,8.7974571e-09,8.79779959e-09,0,0.380672387,0.260374495,8.52585806,8.33333333,2.31029676,0.00323892935,0.0008948794,-0.159999991,-0.16,-8.79745701e-09,8.79745701e-09,1.75949141e-08,33.0340689,11.7309477,0,0,0,0,0,0.168812576,0.00774388209,-0,31,28,-2.5383879e-07,0.000397096818,4.21152567e-05,-1,0.0001,28,0.0167125478,0.00482561795,3.34250957,0.96512359
440,2.2,initializing,0.005,1000,-8.79745828e-09,0,8.79745828e-09,8.79780077e-09,0,0.380672387,0.260374495,8.52585806,8.33333333,2.31029676,0.00323892936,0.000894879402,-0.159999991,-0.16,-8.7974584e-09,8.7974584e-09,1.75949167e-08,33.0340689,11.7309477,0,0,0,0,0,0.168812576,0.0077438821,-0,31,28,-2.53838771e-07,0.000397096817,4.2115257e-05,-1,0.0001,28,0.0167125478,0.00482561795,3.34250957,0.965123591
460,2.3,initializing,0.005,1000,-8.79745878e-09,0,8.79745878e-09,8.79780126e-09,0,0.380672386,0.260374495,8.52585806,8.33333333,2.31029676,0.00323892936,0.000894879404,-0.159999991,-0.16,-8.79745896e-09,8.79745896e-09,1.75949177e-08,33.0340689,11.7309477,0,0,0,0,0,0.168812576,0.0077438821,-0,31,28,-2.53838762e-07,0.000397096817,4.21152572e-05,-1,0.0001,28,0.0167125478,0.00482561795,3.34250957,0.965123591
480,2.4,initializing,0.005,1000,-8.79745898e-09,0,8.79745898e-09,8.79780147e-09,0,0.380672386,0.260374495,8.52585806,8.33333333,2.31029676,0.00323892936,0.000894879405,-0.159999991,-0.16,-8.79745896e-09,8.79745896e-09,1.75949179e-08,33.0340689,11.7309477,0,0,0,0,0,0.168812576,0.0077438821,-0,31,28,-2.53838758e-07,0.000397096817,4.21152572e-05,-1,0.0001,28,0.0167125478,0.00482561795,3.34250957,0.965123591
500,2.5,initializing,0.005,1000,-8.79745907e-09,0,8.79745907e-09,8.79780156e-09,0,0.380672386,0.260374495,8.52585806,8.33333333,2.31029676,0.00323892936,0.000894879406,-0.159999991,-0.16,-8.79745896e-09,8.79745896e-09,1.7594918e-08,33.0340689,11.7309477,0,0,0,0,0,0.168812576,0.0077438821,-0,31,28,-2.53838758e-07,0.000397096817,4.21152573e-05,-1,0.0001,28,0.0167125478,0.00482561795,3.34250957,0.965123591
520,2.6,initializing,0.005,1000,-8.7974591e-09,0,8.7974591e-09,8.79780159e-09,0,0.380672386,0.260374495,8.52585806,8.33333333,2.31029676,0.00323892936,0.000894879407,-0.159999991,-0.16,-8.79745896e-09,8.79745896e-09,1.75949181e-08,33.0340689,11.7309477,0,0,0,0,0,0.168812576,0.00774388211,-0,31,28,-2.53838758e-07,0.000397096817,4.21152573e-05,-1,0.0001,28,0.0167125478,0.00482561795,3.34250957,0.965123591
540,2.7,initializing,0.005,1000,-8.79745912e-09,0,8.79745912e-09,8.79780161e-09,0,0.380672386,0.260374495,8.52585806,8.33333333,2.31029676,0.00323892936,0.000894879407,-0.159999991,-0.16,-8.79745896e-09,8.79745896e-09,1.75949181e-08,33.0340689,11.7309477,0,0,0,0,0,0.168812576,0.00774388211,-0,31,28,-2.53838756e-07,0.000397096817,4.21152573e-05,-1,0.0001,28,0.0167125478,0.00482561795,3.34250957,0.965123591
560,2.8,initializing,0.005,1000,-8.79745913e-09,0,8.79745913e-09,8.79780161e-09,0,0.380672386,0.260374495,8.52585806,8.33333333,2.31029676,0.00323892937,0.000894879408,-0.159999991,-0.16,-8.79745896e-09,8.79745896e-09,1.75949181e-08,33.0340689,11.7309477,0,0,0,0,0,0.168812576,0.00774388211,-0,31,28,-2.53838755e-07,0.000397096817,4.21152573e-05,-1,0.0001,28,0.0167125478,0.00482561795,3.34250957,0.965123591
580,2.9,initializing,0.005,1000,-8.79745913e-09,0,8.79745913e-09,8.79780162e-09,0,0.380672386,0.260374495,8.52585806,8.33333333,2.31029676,0.00323892937,0.000894879409,-0.159999991,-0.16,-8.79745896e-09,8.79745896e-09,1.75949181e-08,33.0340689,11.7309477,0,0,0,0,0,0.168812576,0.00774388211,-0,31,28,-2.53838756e-07,0.000397096817,4.21152573e-05,-1,0.0001,28,0.0167125478,0.00482561795,3.34250957,0.965123591
600,2.996,control,0.001,1000,-8.79431373e-09,0,8.79431373e-09,8.79465698e-09,0,0.38064769,0.260377167,8.52587433,8.33333333,2.3104919,0.0032389372,0.000894880042,-0.159999991,-0.16,-8.79431361e-09,8.79431361e-09,1.75886273e-08,33.0344736,11.7309614,0,0,0,0,0,0.168812615,0.00774390428,-0,31,28,-1.05259979e-07,0.000396873297,4.21264449e-05,-1,0.0001,28,0.000675033703,0.000198046915,0.675033703,0.198046915
620,3.016,control,0.001,1000,-8.6470114e-09,0,8.6470114e-09,8.64735441e-09,0,0.380950991,0.260496865,8.52597144,8.33333333,2.31165733,0.0032393004,0.000894577206,-0.159999991,-0.16,-8.64700908e-09,8.64700908e-09,1.72940205e-08,33.0331264,11.730907,0,0,0,0,0,0.168812208,0.00774411113,-0,31,28,-4.27435438e-08,0.000396773867,4.1824152e-05,-1,0.0001,28,0.00336345305,0.000956961285,3.36345305,0.956961285
640,3.036,control,0.001,1000,-8.43619729e-09,0,8.43619729e-09,8.43653641e-09,0,0.381120504,0.260567993,8.52601108,8.33333333,2.31213291,0.00323962396,0.000894434955,-0.159999992,-0.16,-8.43619535e-09,8.43619535e-09,1.68723926e-08,33.0322082,11.7307261,0,0,0,0,0,0.168811981,0.00774434109,-0,31,28,-5.41155052e-08,0.000396836466,4.16885552e-05,-1,0.0001,28,0.00338294358,0.000954722338,3.38294358,0.954722338
660,3.056,control,0.001,1000,-8.13463314e-09,0,8.13463314e-09,8.13496737e-09,0,0.381406679,0.260665805,8.52610707,8.33333333,2.31328487,0.00323987857,0.00089413728,-0.159999992,-0.16,-8.13463161e-09,8.13463161e-09,1.62692647e-08,33.030933,11.73015,0,0,0,0,0,0.168811573,0.00774435852,-0,31,28,-9.37156998e-08,0.000396922521,4.14365744e-05,-1,0.0001,28,0.00345838219,0.000922763883,3.45838219,0.922763883
680,3.076,control,0.001,1000,-7.81967113e-09,0,7.81967113e-09,7.82000024e-09,0,0.381786684,0.260793,8.52624757,8.33333333,2.31497089,0.00324035004,0.000893857711,-0.159999992,-0.16,-7.81966997e-09,7.81966997e-09,1.56393411e-08,33.0293868,11.7294588,0,0,0,0,0,0.16881106,0.00774468343,-0,31,28,-9.33805443e-08,0.000397027922,4.11864155e-05,-1,0.0001,28,0.00345383891,0.000926196906,3.45383891,0.926196906
700,3.096,control,0.001,1000,-7.43840626e-09,0,7.43840626e-09,7.43872964e-09,0,0.38227147,0.26095137,8.52643527,8.33333333,2.31722326,0.00324093887,0.00089351744,-0.159999993,-0.16,-7.43840525e-09,7.43840525e-09,1.48768115e-08,33.0275225,11.7285232,0,0,0,0,0,0.168810405,0.00774514611,-0,31,28,-6.71957655e-08,0.00039721922,4.09131994e-05,-1,0.0001,28,0.00346644803,0.00091599638,3.46644803,0.91599638
720,3.116,control,0.001,1000,-7.19584841e-09,0,7.19584841e-09,7.19616796e-09,0,0.382589939,0.261072558,8.52655375,8.33333333,2.31864505,0.00324166735,0.000893427161,-0.159999993,-0.16,-7.19584761e-09,7.19584761e-09,1.4391696e-08,33.0262681,11.7280152,0,0,0,0,0,0.168809982,0.00774568583,-0,31,28,-9.34245513e-08,0.000397233564,4.06726021e-05,-1,0.0001,28,0.00343106734,0.000929436142,3.43106734,0.929436142
740,3.136,control,0.001,1000,-7.05294075e-09,0,7.05294075e-09,7.05325791e-09,0,0.382793178,0.261154648,8.52661892,8.33333333,2.31942709,0.00324228786,0.00089344285,-0.159999993,-0.16,-7.05293998e-09,7.05293998e-09,1.41058807e-08,33.0254149,11.7278207,0,0,0,0,0,0.168809743,0.00774639429,-0,31,28,-3.63180188e-08,0.000397296253,4.06215337e-05,-1,0.0001,28,0.00336920273,0.000961545445,3.36920273,0.961545445
760,3.156,control,0.001,1000,-7.12853017e-09,0,7.12853017e-09,7.12884839e-09,0,0.382611975,0.261123687,8.52651847,8.33333333,2.31822169,0.00324250725,0.000893690677,-0.159999993,-0.16,-7.12852943e-09,7.12852943e-09,1.42570596e-08,33.0258792,11.7283309,0,0,0,0,0,0.168810003,0.00774671904,-0,31,28,-3.59074346e-08,0.000397260511,4.07540067e-05,-1,0.0001,28,0.00336538086,0.000962745287,3.36538086,0.962745287
780,3.176,control,0.001,1000,-7.19944702e-09,0,7.19944702e-09,7.19976645e-09,0,0.3824126,0.261064413,8.52640997,8.33333333,2.31691961,0.00324225713,0.000893773201,-0.159999993,-0.16,-7.19944646e-09,7.19944646e-09,1.43988935e-08,33.0264163,11.7287796,0,0,0,0,0,0.168810285,0.00774655932,-0,31,28,-3.40244508e-08,0.000397231153,4.0881124e-05,-1,0.0001,28,0.00336423689,0.00096299299,3.36423689,0.96299299
800,3.196,control,0.001,1000,-7.26441023e-09,0,7.26441023e-09,7.26473077e-09,0,0.382235618,0.261002695,8.52631615,8.33333333,2.31579378,0.00324185244,0.000893776796,-0.159999993,-0.16,-7.26440974e-09,7.26440974e-09,1.452882e-08,33.0268996,11.7291551,0,0,0,0,0,0.168810538,0.00774623258,-0,31,28,-3.22570192e-08,0.000397204537,4.09892869e-05,-1,0.0001,28,0.00336317556,0.000963264653,3.36317556,0.963264653
820,3.216,control,0.001,1000,-7.32417789e-09,0,7.32417789e-09,7.32449942e-09,0,0.382082479,0.260946108,8.52623694,8.33333333,2.31484322,0.003241441,0.000893758026,-0.159999993,-0.16,-7.32417746e-09,7.32417746e-09,1.46483554e-08,33.0273263,11.7294742,0,0,0,0,0,0.168810756,0.00774588742,-0,31,28,-3.07466388e-08,0.000397180739,4.1080838e-05,-1,0.0001,28,0.00336225363,0.000963497394,3.36225363,0.963497394
840,3.236,control,0.001,1000,-7.37884447e-09,0,7.37884447e-09,7.37916686e-09,0,0.381951255,0.260896846,8.52617061,8.33333333,2.3140473,0.00324107646,0.000893739211,-0.159999993,-0.16,-7.37884412e-09,7.37884412e-09,1.47576886e-08,33.0277001,11.7297457,0,0,0,0,0,0.168810942,0.00774557888,-0,31,28,-2.94655783e-08,0.000397159583,4.11583276e-05,-1,0.0001,28,0.00336146522,0.000963693053,3.36146522,0.963693053
860,3.256,control,0.001,1000,-7.4285293e-09,0,7.4285293e-09,7.42885245e-09,0,0.381839357,0.260854995,8.52611531,8.33333333,2.31338371,0.00324077229,0.000893727511,-0.159999993,-0.16,-7.42852899e-09,7.42852899e-09,1.48570583e-08,33.0280257,11.7299762,0,0,0,0,0,0.168811099,0.00774532188,-0,31,28,-2.83804633e-08,0.000397140821,4.12239433e-05,-1,0.0001,28,0.00336079607,0.000963856119,3.36079607,0.963856119
880,3.276,control,0.001,1000,-7.47298084e-09,0,7.47298084e-09,7.47330444e-09,0,0.381741638,0.26081975,8.52607026,8.33333333,2.31284317,0.00324052216,0.00089372176,-0.159999993,-0.16,-7.47298062e-09,7.47298062e-09,1.49459615e-08,33.0283041,11.7301795,0,0,0,0,0,0.168811232,0.00774511204,-0,31,28,-2.58849102e-08,0.000397140981,4.12783165e-05,-1,0.0001,28,0.00335425175,0.0009659732,3.35425175,0.9659732
900,3.296,control,0.001,1000,-7.51005234e-09,0,7.51005234e-09,7.51037653e-09,0,0.381660123,0.260788919,8.52603191,8.33333333,2.31238296,0.00324028906,0.000893708511,-0.159999992,-0.16,-7.51005219e-09,7.51005219e-09,1.50201045e-08,33.0285763,11.7303398,0,0,0,0,0,0.168811343,0.00774491162,-0,31,28,-2.65186904e-08,0.000397121938,4.13263377e-05,-1,0.0001,28,0.003353913,0.000966447151,3.353913,0.966447151
920,3.316,control,0.001,1000,-7.5428208e-09,0,7.5428208e-09,7.54314544e-09,0,0.381590691,0.26076198,8.52600037,8.33333333,2.31200448,0.00324007662,0.000893692242,-0.159999992,-0.16,-7.5428207e-09,7.5428207e-09,1.50856415e-08,33.0287974,11.7304809,0,0,0,0,0,0.168811439,0.00774472734,-0,31,28,-2.58997811e-08,0.000397109191,4.13668365e-05,-1,0.0001,28,0.00335347218,0.000966573439,3.35347218,0.966573439
940,3.336,control,0.001,1000,-7.57239146e-09,0,7.57239146e-09,7.5727165e-09,0,0.381531478,0.260739034,8.52597405,8.33333333,2.31168858,0.00323989811,0.000893680338,-0.159999992,-0.16,-7.57239135e-09,7.57239135e-09,1.51447828e-08,33.0289886,11.7306004,0,0,0,0,0,0.168811519,0.00774457255,-0,31,28,-2.53667251e-08,0.000397098018,4.14011352e-05,-1,0.0001,28,0.00335308596,0.000966690005,3.35308596,0.966690005
960,3.356,control,0.001,1000,-7.59895198e-09,0,7.59895198e-09,7.59927738e-09,0,0.38148117,0.260719798,8.52595216,8.33333333,2.31142596,0.00323975379,0.000893673968,-0.159999992,-0.16,-7.59895191e-09,7.59895191e-09,1.51979039e-08,33.0291536,11.7307006,0,0,0,0,0,0.168811587,0.00774444817,-0,31,28,-2.49113126e-08,0.000397088115,4.14302569e-05,-1,0.0001,28,0.0033527467,0.000966767625,3.3527467,0.966767625
980,3.376,control,0.001,1000,-6.73498613e-09,0,6.73498613e-09,6.73530485e-09,0,0.376836201,0.257200728,8.52203451,8.33333333,2.26441412,0.00319405489,0.000878820668,-0.159168151,-0.144,0.0151681509,0.000831849147,0.000831855882,33.0425763,11.6997816,0,0,0,0,0,0.169580178,0.00802872717,-0,32,29,-3.63224021e-07,0.00039632817,4.38174666e-05,-1,0.0001,29,0.00263603445,0.000723210779,2.63603445,0.723210779
1000,3.396,control,0.001,1000,-5.49879192e-09,0,5.49879192e-09,5.49910047e-09,0,0.366244555,0.2426403,8.50521987,8.33333333,2.06263838,0.00298422348,0.000810162266,-0.155356346,-0.129,0.0263563456,0.00464365442,0.00464365992,33.1122822,11.5094884,5.03276196,5.03276196,28.3005714,33.3333333,15.0982859,0.17295259,0.00984194533,-0,32,24,-3.48127339e-07,0.0005200372,9.67967238e-05,-1,0.0001,24,0.00238782892,0.000631777618,2.38782892,0.631777618
1020,3.416,control,0.001,1000,-4.45971959e-09,0,4.45971959e-09,4.46001765e-09,0,0.356707391,0.23007244,8.48939385,8.33333333,1.87272615,0.00275884937,0.000735143614,-0.149480489,-0.12,0.0294804894,0.0105195106,0.010519515,33.1462977,11.2018277,8.79356951,6.53305406,26.8002793,33.3333333,19.5991622,0.177941584,0.0129009816,-0,32,23,-3.20138398e-07,0.000780847683,0.000134191021,-1,0.0001,23,0.0024635069,0.000653149485,2.4635069,0.653149485
1040,3.436,control,0.001,1000,-3.59329992e-09,0,3.59329992e-09,3.5935906e-09,0,0.355548493,0.222556913,8.47995418,8.33333333,1.75945021,0.00262755522,0.00068927688,-0.143956714,-0.12,0.0239567144,0.0160432856,0.0160432892,33.1307821,10.8543775,11.304092,7.35449561,25.9788377,33.3333333,22.0634868,0.182223313,0.0162103946,-0,32,24,-2.29351049e-07,0.000850237644,0.000128410136,-1,0.0001,24,0.00265661404,0.000600788334,2.65661404,0.600788334
1060,3.456,control,0.001,1000,-2.8663331e-09,0,2.8663331e-09,2.86661841e-09,0,0.359702635,0.217929478,8.47565791,8.33333333,1.70789498,0.00255088733,0.000660559097,-0.13945425,-0.12,0.0194542497,0.0205457503,0.0205457532,33.1250707,10.5049571,12.9798764,7.72479694,25.6085364,33.3333333,23.1743908,0.185222423,0.0193982021,-0,32,24,-1.57371341e-07,0.000745743137,0.000118824044,-1,0.0001,24,0.00282461971,0.000646951539,2.82461971,0.646951539
1080,3.476,control,0.001,1000,-2.2860414e-09,0,2.2860414e-09,2.28633231e-09,0,0.364529595,0.213891941,8.47415592,8.33333333,1.68987099,0.00248164814,0.000634202923,-0.135797751,-0.12,0.015797751,0.024202249,0.0242022513,33.1218207,10.1631682,10.5666186,6.25176081,27.0815725,33.3333333,18.7552824,0.187141911,0.0224584734,-0,32,24,1.08124853e-07,0.000694052507,0.000107954052,-1,0.0001,24,0.0029639308,0.000643164938,2.9639308,0.643164938
1100,3.496,control,0.001,1000,-1.83833996e-09,0,1.83833996e-09,1.83863789e-09,0,0.368951895,0.209348898,8.47361306,8.33333333,1.68335674,0.00240375055,0.000605881742,-0.132828501,-0.12,0.0128285008,0.0271714992,0.027171501,33.1346249,9.83918276,11.7299611,6.37323239,26.9601009,33.3333333,19.1196972,0.188207804,0.0253337332,-0,32,24,-1.75151591e-07,0.000728566883,0.000102505747,-1,0.0001,24,0.00294195087,0.000859523698,2.94195087,0.859523698
1120,3.516,control,0.001,1000,-1.43989107e-09,0,1.43989107e-09,1.44020971e-09,0,0.374369465,0.206773553,8.47647066,8.33333333,1.71764794,0.0023503986,0.000585027413,-0.130417333,-0.12,0.010417333,0.029582667,0.0295826685,33.1291308,9.53801445,9.36301219,5.05894323,28.2743901,33.3333333,15.1768297,0.188655373,0.0278373197,-0,32,24,-4.90540192e-08,0.000602747949,9.44390642e-05,-1,0.0001,24,0.00309381,0.000693869472,3.09381,0.693869472
1140,3.536,control,0.001,1000,-1.10449681e-09,0,1.10449681e-09,1.10484857e-09,0,0.37864976,0.203582484,8.47896366,8.33333333,1.74756398,0.00228987272,0.000563144187,-0.128459354,-0.12,0.00845935377,0.0315406462,0.0315406473,33.1222139,9.26551256,10.6782936,5.11500683,28.2183265,33.3333333,15.3450205,0.188652716,0.0300613002,-0,32,23,-2.12850311e-07,0.000499945656,8.76104972e-05,-1,0.0001,23,0.00314802138,0.000718001813,3.14802138,0.718001813
1160,3.556,control,0.001,1000,-8.58762904e-10,0,8.58762904e-10,8.59163893e-10,0,0.381270232,0.200158204,8.48123593,8.33333333,1.77483116,0.0022214892,0.000539277617,-0.126869385,-0.12,0.00686938454,0.0331306155,0.0331306163,33.1203435,9.01656383,8.66326919,4.07584628,29.2574871,33.3333333,12.2275388,0.18828452,0.0320679968,-0,31,23,-1.39681813e-07,0.000582685433,8.18176284e-05,-1,0.0001,24,0.00313934281,0.000848091269,3.13934281,0.848091269
1180,3.576,control,0.001,1000,-6.76337133e-10,0,6.76337133e-10,6.76788867e-10,0,0.386280276,0.200012967,8.48696305,8.33333333,1.84355665,0.00218839236,0.00052690052,-0.125578256,-0.12,0.00557825634,0.0344217437,0.0344217443,33.1196943,8.79972824,6.7504559,3.13235816,30.2009752,33.3333333,9.39707449,0.187804503,0.0336231616,-0,32,24,-1.11812953e-07,0.000543266397,7.80975663e-05,-1,0.0001,24,0.00332945413,0.000804397636,3.32945413,0.804397636
1200,3.596,control,0.001,1000,-5.68606803e-10,0,5.68606803e-10,5.69112579e-10,0,0.389591801,0.198952773,8.491511,8.33333333,1.89813195,0.00214813351,0.000513099164,-0.124529801,-0.12,0.0045298008,0.0354701992,0.0354701998,33.1172344,8.6144865,8.70236955,3.29721827,30.0361151,33.3333333,9.8916548,0.187255451,0.0349187355,-0,32,25,-9.24702103e-08,0.000548649023,7.4678091e-05,-1,0.0001,25,0.00334707026,0.000816656118,3.34707026,0.816656118
1220,3.616,control,0.001,1000,-4.23731026e-10,0,4.23731026e-10,4.24352266e-10,0,0.391794957,0.197405976,8.49556745,8.33333333,1.94680946,0.00210270157,0.000497652248,-0.123678407,-0.12,0.00367840672,0.0363215933,0.0363215937,33.1155121,8.45561824,7.26903973,2.59828172,30.7350516,33.3333333,7.79484517,0.186675822,0.0359962187,-0,32,25,-2.23487305e-07,0.000581235356,7.40738365e-05,-1,0.0001,25,0.00339970832,0.000841192267,3.39970832,0.841192267
1240,3.636,control,0.001,1000,-1.2451028e-10,0,1.2451028e-10,1.26297959e-10,0,0.393116422,0.195566407,8.49920579,8.33333333,1.99046953,0.00205451955,0.000481246352,-0.122987036,-0.12,0.00298703573,0.0370129643,0.0370129644,33.1115487,8.32049337,6.01715961,2.03157097,31.3017624,33.3333333,6.09471291,0.186097716,0.0368892106,-0,32,25,-1.90623686e-07,0.000467060299,6.95334595e-05,-1,0.0001,25,0.00337017164,0.000838919621,3.37017164,0.838919621
1260,3.656,control,0.001,1000,1.623004e-10,0,-1.623004e-10,1.6345883e-10,0,0.393677281,0.193575992,8.50244314,8.33333333,2.02931765,0.0020060705,0.000464813576,-0.122425611,-0.12,0.00242561072,0.0375743893,0.0375743891,33.1153124,8.20571994,4.92764429,1.57211434,31.761219,33.3333333,4.71634303,0.185544724,0.0376263867,-0,32,25,-1.83499536e-07,0.000399210905,6.51330072e-05,-1,0.0001,25,0.00336910938,0.000841253536,3.36910938,0.841253536
1280,3.676,control,0.001,1000,4.31402958e-10,0,-4.31402958e-10,4.31769123e-10,0,0.393968701,0.191560413,8.50544756,8.33333333,2.06537078,0.00195908767,0.000448930301,-0.121969708,-0.12,0.00196970781,0.0380302922,0.0380302918,33.1185721,8.10877341,3.98011559,1.19860051,32.1347328,33.3333333,3.59580152,0.185034573,0.0382318762,-0,32,26,-1.57344921e-07,0.000399316963,6.13816594e-05,-1,0.0001,26,0.00339348697,0.000860259363,3.39348697,0.860259363
1300,3.696,control,0.001,1000,6.97009789e-10,0,-6.97009789e-10,6.97196082e-10,0,0.394053468,0.189539919,8.50809666,8.33333333,2.09715995,0.00191412914,0.000433795667,-0.121599494,-0.12,0.00159949372,0.0384005063,0.0384005056,33.1236871,8.02757341,3.16443757,0.898076793,32.4352565,33.3333333,2.69423038,0.184576798,0.0387263517,-0,32,26,-1.45962192e-07,0.000399424738,5.70592952e-05,-1,0.0001,26,0.00339492507,0.000867154594,3.39492507,0.867154594
1320,3.716,control,0.001,1000,6.23149096e-10,0,-6.23149096e-10,6.23364556e-10,0,0.393955002,0.187597742,8.51034398,8.33333333,2.12412781,0.00187245561,0.000419855457,-0.121298863,-0.12,0.00129886255,0.0387011374,0.0387011368,33.1350949,7.95950604,2.46759825,0.659506461,32.6738269,33.3333333,1.97851938,0.18416711,0.0391341115,-0,31,26,-1.13915601e-06,0.000399901587,5.50925715e-05,-1,0.0001,26,0.00366203137,0.000961657131,3.66203137,0.961657131
1340,3.736,control,0.001,1000,7.78036966e-10,0,-7.78036966e-10,7.78195544e-10,0,0.394769392,0.186987825,8.51521482,8.33333333,2.1825778,0.00184773658,0.000411333159,-0.121054736,-0.12,0.00105473643,0.0389452636,0.0389452628,33.1407256,7.90792726,1.8208167,0.428629565,32.9047038,33.3333333,1.2858887,0.183899662,0.039391621,-0,31,26,-7.90296904e-07,0.000400130487,5.40124023e-05,-1,0.0001,26,0.00359511946,0.000947978296,3.59511946,0.947978296
1360,3.756,control,0.001,1000,1.11143814e-09,0,-1.11143814e-09,1.11152141e-09,0,0.394809486,0.185814593,8.51873487,8.33333333,2.22481843,0.00181758337,0.000401086945,-0.120856495,-0.12,0.000856494992,0.039143505,0.0391435039,33.1413195,7.8721629,1.36093948,0.28559481,33.0579525,33.3333333,0.826142486,0.183717945,0.0395836197,-0,32,26,-6.18751969e-07,0.000400171757,5.83251324e-05,-1,0.0001,26,0.00360425735,0.000940229986,3.60425735,0.940229986
1380,3.776,control,0.001,1000,1.26121733e-09,0,-1.26121733e-09,1.26128144e-09,0,0.39427358,0.184321746,8.52141016,8.33333333,2.25692188,0.00178461011,0.000389945855,-0.120695514,-0.12,0.000695513702,0.0393044863,0.039304485,33.142062,7.84784947,1.02471016,0.209154563,33.1592488,33.3333333,0.522253688,0.18359013,0.0397246477,-0,32,26,-4.91105297e-07,0.000400206366,5.81211933e-05,-1,0.0001,26,0.00359213662,0.000940234436,3.59213662,0.940234436
1400,3.796,control,0.001,1000,1.00672197e-09,0,-1.00672197e-09,1.0068269e-09,0,0.393387408,0.182781521,8.52350003,8.33333333,2.28200041,0.00175318333,0.000379516648,-0.120564789,-0.12,0.000564789111,0.0394352109,0.0394352099,33.14258,7.82962049,0.77468821,0.16114561,33.2270007,33.3333333,0.318997993,0.183497274,0.0398314131,2.13348388e-08,32,26,-3.95686674e-07,0.000400303421,5.8014169e-05,-1,0.0001,26,0.00359126387,0.000941072133,3.59126387,0.941072133
1420,3.816,control,0.001,1000,7.50067077e-10,0,-7.50067077e-10,7.50246718e-10,0,0.392433419,0.181320684,8.52519031,8.33333333,2.30228374,0.00172432941,0.000369969605,-0.120458635,-0.12,0.000458634678,0.0395413653,0.0395413646,33.1434999,7.85895223,0.58668621,0.132395166,33.2725969,33.3333333,0.182209256,0.183428038,0.0399132843,7.74044384e-07,32,26,-3.17386635e-07,0.000400377745,5.79476802e-05,-1,0.0001,26,0.00359334778,0.000942706624,3.59334778,0.942706624
1440,3.836,control,0.001,1000,5.37745009e-10,0,-5.37745009e-10,5.38046336e-10,0,0.391500673,0.179979406,8.52658553,8.33333333,2.31902633,0.00169826751,0.000361334365,-0.120372432,-0.12,0.00037243239,0.0396275676,0.0396275671,33.1441363,7.98730353,0.444212653,0.109440684,33.3032886,33.3333333,0.0901343242,0.183375558,0.0399763763,2.38987595e-06,32,26,-2.58755704e-07,0.000400406409,5.78974396e-05,-1,0.0001,26,0.00359573384,0.000944387722,3.59573384,0.944387722
1460,3.856,control,0.001,1000,3.63510042e-10,0,-3.63510042e-10,3.6402461e-10,0,0.390627583,0.178778483,8.52774923,8.33333333,2.3329908,0.00167514987,0.000353664943,-0.120302432,-0.12,0.000302432164,0.0396975678,0.0396975675,33.1442567,8.18837367,0.335866087,0.0902756143,33.3236995,33.3333333,0.0289016386,0.183335376,0.0400252623,4.72651724e-06,32,26,-2.19537058e-07,0.000400278142,5.78444301e-05,-1,0.0001,26,0.00359907435,0.000946065527,3.59907435,0.946065527
1480,3.876,control,0.001,1000,2.30484237e-10,0,-2.30484237e-10,2.31411742e-10,0,0.389818513,0.17771709,8.52872495,8.33333333,2.34469935,0.00165463285,0.000346833266,-0.120245589,-0.12,0.000245588769,0.0397544112,0.039754411,33.1424045,8.44624235,0.253594434,0.0759871096,33.3368272,33.3333333,0.010481617,0.183304663,0.0400629613,9.30651657e-06,32,26,-2.03793473e-07,0.000399295195,5.76843171e-05,-1,0.0001,26,0.00360542272,0.000947300286,3.60542272,0.947300286
1500,3.896,control,0.001,1000,1.97539907e-10,0,-1.97539907e-10,1.98824062e-10,0,0.389011445,0.17677116,8.52954172,8.33333333,2.35450068,0.00163510239,0.000340208806,-0.120199429,-0.12,0.000199429391,0.0398005706,0.0398005704,33.1318603,8.7491822,0.191933201,0.0661107732,33.3444922,33.3333333,0.0334764547,0.183282113,0.0400903954,1.94893625e-05,32,26,-2.15260293e-07,0.000394699718,5.70582749e-05,-1,0.0001,26,0.00360176363,0.000946208005,3.60176363,0.946208005
1520,3.916,control,0.001,1000,3.33911461e-10,0,-3.33911461e-10,3.3460313e-10,0,0.388225369,0.175881168,8.53020945,8.33333333,2.36251339,0.00161710246,0.000333976823,-0.120161946,-0.12,0.000161946015,0.039838054,0.0398380537,33.1232599,9.08389292,0.146613099,0.057374839,33.3482586,33.3333333,0.0447757084,0.183265848,0.0401101695,3.20526201e-05,32,26,-1.4170182e-07,0.000391427059,5.63844728e-05,-1,0.0001,26,0.00357795225,0.000949739485,3.57795225,0.949739485
1540,3.936,control,0.001,1000,5.89053591e-10,0,-5.89053591e-10,5.89389302e-10,0,0.387811073,0.175187137,8.5308042,8.33333333,2.36965043,0.00160478463,0.000329836683,-0.120131508,-0.12,0.000131507934,0.0398684921,0.0398684915,33.1349157,9.43733527,0.114362131,0.05232995,33.3507862,33.3333333,0.0523584741,0.183250856,0.040128829,5.26529092e-05,32,26,-7.62909473e-08,0.000395698548,5.72393706e-05,-1,0.0001,26,0.00360017013,0.000952194234,3.60017013,0.952194234
1560,3.956,control,0.001,1000,8.38612147e-10,0,-8.38612147e-10,8.38784767e-10,0,0.387534919,0.174681532,8.53136534,8.33333333,2.37638406,0.00159430988,0.000326290615,-0.120106791,-0.12,0.000106790853,0.0398932091,0.0398932083,33.1398624,9.80505733,0.101038215,0.0542507737,33.3532709,33.3333333,0.0598127807,0.183237148,0.0401439776,0.00010712066,32,26,-6.56617871e-08,0.000397186868,5.78242522e-05,-1,0.0001,26,0.00360325578,0.000953283978,3.60325578,0.953283978
1580,3.976,control,0.001,1000,9.95064293e-10,0,-9.95064293e-10,9.95180819e-10,0,0.387289479,0.17424853,8.53184833,8.33333333,2.3821799,0.0015858039,0.000323436494,-0.120086719,-0.12,8.67194008e-05,0.0399132806,0.0399132796,33.1457401,10.1796905,0.116970991,0.0656926711,33.3550416,33.3333333,0.0651248427,0.183225807,0.0401560258,0.000205712078,32,26,-4.85782591e-08,0.000398106116,5.8182361e-05,-1,0.0001,26,0.00360562338,0.000954543397,3.60562338,0.954543397
1600,3.996,control,0.001,1000,1.08779467e-09,0,-1.08779467e-09,1.08788712e-09,0,0.387093307,0.173874027,8.53226148,8.33333333,2.38713775,0.0015791203,0.000321238621,-0.12007042,-0.12,7.04204234e-05,0.0399295796,0.0399295785,33.1554595,10.5552155,0.159795854,0.0873185961,33.3560546,33.3333333,0.0681637475,0.18321697,0.0401649622,0.000360802397,32,26,-4.72684611e-08,0.000398922862,5.85538451e-05,-1,0.0001,26,0.00360447426,0.000955492651,3.60447426,0.955492651
1620,4.016,control,0.001,1000,1.08877454e-09,0,-1.08877454e-09,1.08886218e-09,0,0.386939585,0.173585143,8.53261181,8.33333333,2.39134175,0.00157406948,0.000319639836,-0.120057185,-0.12,5.71848295e-05,0.0399428152,0.0399428141,33.1713549,10.927123,0.221677918,0.118061561,33.3565038,33.3333333,0.069511353,0.183210775,0.0401700352,0.00058991537,32,26,-4.792238e-08,0.000399573239,5.89407562e-05,-1,0.0001,26,0.00360013192,0.00095668474,3.60013192,0.95668474
1640,4.036,control,0.001,1000,9.60679609e-10,0,-9.60679609e-10,9.60780159e-10,0,0.386785785,0.17345111,8.5328483,8.33333333,2.3941796,0.00157034655,0.000318544253,-0.120046437,-0.12,4.64367893e-05,0.0399535632,0.0399535623,33.195457,11.291957,0.298277398,0.156815925,33.3558885,33.3333333,0.067665499,0.183206495,0.0401707849,0.000896344745,32,26,-4.11902787e-08,0.000399850357,5.92461566e-05,-1,0.0001,26,0.00358824704,0.000956950908,3.58824704,0.956950908
1660,4.056,control,0.001,1000,7.14162601e-10,0,-7.14162601e-10,7.14310784e-10,0,0.386620347,0.17360115,8.5329909,8.33333333,2.39589085,0.00156790956,0.000317955148,-0.120037709,-0.12,3.77087436e-05,0.0399622913,0.0399622905,33.2282335,11.6470803,0.385397355,0.201869661,33.3548966,33.3333333,0.0646898588,0.183203722,0.0401648855,0.00129906464,32,26,-6.09079447e-08,0.000399681155,5.93744797e-05,-1,0.0001,26,0.00358684422,0.000957631009,3.58684422,0.957631009
1680,4.076,control,0.001,1000,3.38302049e-10,0,-3.38302049e-10,3.38671218e-10,0,0.38642666,0.173973541,8.53303893,8.33333333,2.39646712,0.00156612702,0.000317665068,-0.120030621,-0.12,3.06209933e-05,0.039969379,0.0399693787,33.2651612,11.9906863,0.480797367,0.251492779,33.3537809,33.3333333,0.0613426893,0.18320367,0.0401469879,0.00182806446,32,26,-1.116606e-07,0.000396460605,5.87773366e-05,-1,0.0001,26,0.00359342175,0.000959390486,3.59342175,0.959390486
1700,4.096,control,0.001,1000,4.74209063e-12,0,-4.74209063e-12,1.99596126e-11,0,0.3856388,0.17445891,8.53301311,8.33333333,2.39615737,0.00156527504,0.000317825351,-0.120024865,-0.12,2.48653855e-05,0.0399751346,0.0399751346,33.277239,12.3212782,0.582067306,0.304374308,33.3533047,33.3333333,0.0599141986,0.183207067,0.0401103966,0.00249951216,32,26,-1.10777819e-07,0.000393216589,5.80130583e-05,-1,0.0001,26,0.00339795278,0.000964629228,3.39795278,0.964629228
1720,4.116,control,0.001,1000,-2.63163295e-10,0,2.63163295e-10,2.64140553e-10,0,0.384458454,0.175118298,8.53287388,8.33333333,2.39448658,0.00156954209,0.000319825714,-0.120020192,-0.12,2.01915702e-05,0.0399798084,0.0399798087,33.2745187,12.6352894,0.686076741,0.358863927,33.3542372,33.3333333,0.0627116181,0.183214069,0.0400487472,0.00332134759,32,26,-1.32519867e-07,0.000398931023,5.97728935e-05,-1,0.0001,26,0.00353361378,0.000968337856,3.53361378,0.968337856
1740,4.136,control,0.001,1000,-3.88707818e-10,0,3.88707818e-10,3.89408129e-10,0,0.384135861,0.176031634,8.53258975,8.33333333,2.39107695,0.00157141418,0.000320924551,-0.120016396,-0.12,1.6396309e-05,0.0399836037,0.0399836041,33.3536888,12.9362136,0.793301583,0.415321164,33.3556195,33.3333333,0.0668583649,0.183230177,0.0399411756,0.00432230534,32,25,-1.80506317e-07,0.000394735562,6.1125153e-05,-1,0.0001,25,0.00357435842,0.000980807504,3.57435842,0.980807504
1760,4.156,control,0.001,1000,-5.81362003e-10,0,5.81362003e-10,5.81861447e-10,0,0.38451895,0.177123775,8.53228441,8.33333333,2.38741297,0.0015722845,0.000321655793,-0.120013314,-0.12,1.33142917e-05,0.0399866857,0.0399866863,33.4423901,13.2247021,0.896807791,0.469586741,33.3587511,33.3333333,0.076253221,0.183261673,0.0397677178,0.00552841461,32,25,-2.49947395e-07,0.000381384974,6.17992994e-05,-1,0.0001,25,0.00361291629,0.000998116652,3.61291629,0.998116652
1780,4.176,control,0.001,1000,-9.89966423e-10,0,9.89966423e-10,9.90273346e-10,0,0.385027089,0.178431889,8.53181762,8.33333333,2.38181139,0.00157363988,0.000322623876,-0.120010811,-0.12,1.08112996e-05,0.0399891887,0.0399891897,33.5397012,13.5019418,0.995495292,0.521320975,33.3636159,33.3333333,0.090847674,0.183315561,0.0395017666,0.00695848475,32,25,-3.26970105e-07,0.000364923751,6.16999489e-05,-1,0.0001,25,0.00357287771,0.00101291802,3.57287771,1.01291802
1800,4.196,control,0.001,1000,-1.47189956e-09,0,1.47189956e-09,1.47211454e-09,0,0.385395641,0.179910611,8.53119886,8.33333333,2.37438635,0.00157651781,0.000324103506,-0.120008779,-0.12,8.77860473e-06,0.0399912214,0.0399912229,33.7123717,13.766646,1.08773961,0.569880831,33.370153,33.3333333,0.110459004,0.183397476,0.0391106124,0.0086209737,32,25,-4.68126399e-07,0.000366452437,6.09869128e-05,-1,0.0001,25,0.00367774559,0.0010486741,3.67774559,1.0486741
1820,4.216,control,0.001,1000,-1.9157124e-09,0,1.9157124e-09,1.91591892e-09,0,0.385376243,0.181590115,8.53036025,8.33333333,2.36432296,0.00158192176,0.000326533314,-0.120007128,-0.12,7.12791052e-06,0.0399928721,0.039992874,33.8430261,14.0193285,1.16878395,0.612742635,33.3791144,33.3333333,0.137343092,0.18351802,0.0385546334,0.0105131923,32,25,-6.70738669e-07,0.000356599346,6.00548847e-05,-1,0.0001,25,0.00373903265,0.00107909022,3.73903265,1.07909022
1840,4.236,control,0.001,1000,-2.2671053e-09,0,2.2671053e-09,2.26730919e-09,0,0.385544356,0.183467552,8.5288736,8.33333333,2.34648317,0.00158786696,0.000329090402,-0.120005787,-0.12,5.78747987e-06,0.0399942125,0.0399942148,34.0013959,14.2610344,1.23998993,0.650387441,33.3884388,33.3333333,0.165316485,0.183680652,0.0377983313,0.0125922529,32,25,-9.0724239e-07,0.000347018285,5.9135286e-05,-1,0.0001,25,0.00382783877,0.00111641235,3.82783877,1.11641235
1860,4.256,control,0.001,1000,-2.52955197e-09,0,2.52955197e-09,2.52975976e-09,0,0.385926727,0.185574552,8.52654212,8.33333333,2.31850544,0.00159403093,0.000331613544,-0.120004699,-0.12,4.6990114e-06,0.039995301,0.0399953035,34.1868729,14.4927265,1.299199,0.68201329,33.3984727,33.3333333,0.195418225,0.183890673,0.0368089669,0.0148155278,32,25,-1.1707287e-06,0.00033451742,5.81375016e-05,-1,0.0001,25,0.00392729151,0.00115956561,3.92729151,1.15956561
1880,4.276,control,0.001,1000,-2.71953558e-09,0,2.71953558e-09,2.71974473e-09,0,0.38651383,0.187918853,8.52313126,8.33333333,2.27757516,0.00159992977,0.000333906067,-0.120003815,-0.12,3.81514806e-06,0.0399961849,0.0399961876,34.3983495,14.7151722,1.34291952,0.70580038,33.4090433,33.3333333,0.227129985,0.184153951,0.0355531338,0.0171415281,32,25,-1.45592367e-06,0.000320938558,5.71114515e-05,-1,0.0001,25,0.00403456963,0.00120717464,4.03456963,1.20717464
1900,4.296,control,0.001,1000,-2.85525404e-09,0,2.85525404e-09,2.85546415e-09,0,0.38702762,0.190500166,8.51836114,8.33333333,2.22033363,0.00160540189,0.000335904376,-0.120003097,-0.12,3.09742892e-06,0.0399969026,0.0399969054,34.6191495,14.9291539,1.36877896,0.720304808,33.4195265,33.3333333,0.258579595,0.184475437,0.0340028387,0.0195203202,32,25,-1.73268121e-06,0.000305861664,5.6031284e-05,-1,0.0001,25,0.00415345606,0.00125908458,4.15345606,1.25908458
1920,4.316,control,0.001,1000,-2.95052316e-09,0,2.95052316e-09,2.95073429e-09,0,0.387350036,0.193299977,8.51194204,8.33333333,2.14330443,0.00161014643,0.000337509522,-0.120002515,-0.12,2.51462289e-06,0.0399974854,0.0399974883,34.8400883,15.1354897,1.37619428,0.72499523,33.4292346,33.3333333,0.287703827,0.18485846,0.0321353288,0.0218966151,32,26,-2.03224048e-06,0.000289842262,5.47540172e-05,-1,0.0001,26,0.004261244,0.00130652087,4.261244,1.30652087
1940,4.336,control,0.001,1000,-3.01558904e-09,0,3.01558904e-09,3.01580121e-09,0,0.387469917,0.19630068,8.50358535,8.33333333,2.04302423,0.0016138635,0.000338612143,-0.120002041,-0.12,2.04136988e-06,0.0399979586,0.0399979616,35.0598018,15.3351164,1.36575442,0.720072475,33.4379056,33.3333333,0.313716715,0.185305391,0.0299366851,0.0242080379,32,26,-2.31278616e-06,0.000272337675,5.33283355e-05,-1,0.0001,26,0.00438398169,0.00136120044,4.38398169,1.36120044
1960,4.356,control,0.001,1000,-3.0590392e-09,0,3.0590392e-09,3.05925242e-09,0,0.387426718,0.199474391,8.493038,8.33333333,1.91645601,0.00161616778,0.000339087479,-0.120001657,-0.12,1.65707605e-06,0.0399983429,0.039998346,35.2799168,15.5288986,1.33914631,0.706390452,33.44527,33.3333333,0.335810108,0.185817596,0.027402566,0.026388057,32,26,-2.57938288e-06,0.000256253221,5.17610435e-05,-1,0.0001,26,0.0045107911,0.00141764048,4.5107911,1.41764048
1980,4.376,control,0.001,1000,-3.08739465e-09,0,3.08739465e-09,3.08760963e-09,0,0.387226426,0.202779615,8.48009294,8.33333333,1.7611153,0.00161673086,0.000338849882,-0.120001345,-0.12,1.3450187e-06,0.039998655,0.0399986581,35.4996508,15.7175717,1.29908437,0.685392873,33.4509052,33.3333333,0.352715661,0.186395123,0.0245396993,0.0283680099,32,26,-2.82636154e-06,0.000245711384,5.00648126e-05,-1,0.0001,26,0.00464268997,0.00147680908,4.64268997,1.47680908
2000,4.396,control,0.001,1000,-3.10331275e-09,0,3.10331275e-09,3.10352818e-09,0,0.386871515,0.206156803,8.46460943,8.33333333,1.57531313,0.00161511472,0.000337784261,-0.120001092,-0.12,1.09162088e-06,0.0399989084,0.0399989115,35.7176718,15.9016515,1.24927077,0.659098294,33.4542605,33.3333333,0.362781387,0.187036474,0.0213660051,0.0300795175,32,26,-3.04891277e-06,0.000234445747,4.85561564e-05,-1,0.0001,26,0.00477834366,0.00153649532,4.77834366,1.53649532
2020,4.416,control,0.001,1000,-3.10174038e-09,0,3.10174038e-09,3.10195583e-09,0,0.3863565,0.20952864,8.44652883,8.33333333,1.35834592,0.00161084485,0.000335787332,-0.120000886,-0.12,8.85864696e-07,0.0399991141,0.0399991172,35.9565167,16.0814822,1.19421922,0.630026721,33.454766,33.3333333,0.364298045,0.187738554,0.0179100491,0.0314567991,32,26,-3.23920204e-06,0.000222801206,4.73756959e-05,-1,0.0001,26,0.00493881137,0.00158528516,4.93881137,1.58528516
2040,4.436,control,0.001,1000,-3.11254765e-09,0,3.11254765e-09,3.11276135e-09,0,0.385864297,0.212808231,8.42597422,8.33333333,1.11169059,0.00160319978,0.000332684267,-0.120000719,-0.12,7.1876912e-07,0.0399992812,0.0399992843,36.2501847,16.2577554,1.13945497,0.601366897,33.4520155,33.3333333,0.356046352,0.188498267,0.0142061654,0.0324390141,32,26,-3.40717338e-06,0.000213992349,4.65384614e-05,-1,0.0001,26,0.00508441117,0.00165505157,5.08441117,1.65505157
2060,4.456,control,0.001,1000,-3.13166195e-09,0,3.13166195e-09,3.13187814e-09,0,0.386340422,0.215916543,8.4027484,8.33333333,0.832980798,0.00159383672,0.000329288881,-0.120000583,-0.12,5.83069485e-07,0.0399994169,0.0399994201,36.532235,16.4298971,1.088906,0.575411968,33.4451558,33.3333333,0.335467383,0.18930847,0.0103035485,0.0329692311,32,26,-3.54926839e-06,0.000212285107,4.63032446e-05,-1,0.0001,26,0.00523809736,0.00171337523,5.23809736,1.71337523
2080,4.476,control,0.001,1000,-3.18356686e-09,0,3.18356686e-09,3.18378436e-09,0,0.38740934,0.219058642,8.37643867,8.33333333,0.517264004,0.00158377056,0.000325775595,-0.120000473,-0.12,4.72838758e-07,0.0399995272,0.0399995303,36.8209827,16.5993582,1.0429538,0.553043679,33.4471064,33.3333333,0.341319274,0.19017488,0.00623784429,0.0329807705,32,26,-3.92231246e-06,0.000209843089,4.71714833e-05,-1,0.0001,26,0.00590463082,0.00201266003,5.90463082,2.01266003
2100,4.496,control,0.001,1000,-3.1664821e-09,0,3.1664821e-09,3.16669838e-09,0,0.387992348,0.222119531,8.3466429,8.33333333,0.159714776,0.00157008911,0.000321008282,-0.120000383,-0.12,3.83385563e-07,0.0399996166,0.0399996198,37.0659451,16.7666733,0.988834112,0.525927346,33.4473909,33.3333333,0.342172577,0.191093043,0.00218745145,0.0324328633,32,25,-3.88739437e-06,0.000208334173,4.79234296e-05,-1,0.0001,25,0.00517503332,0.00165742816,5.17503332,1.65742816
